{
  "target": "status_gizi_bbu",
  "model_name": "ThresholdOpt_LightGBM_Original_FocalWeight_ThresholdOpt",
  "f1_macro": 0.6403654555565461,
  "recall_macro": 0.6354213273676361,
  "precision_macro": 0.6465324384787472,
  "accuracy": 0.8522727272727273,
  "per_class_f1": {
    "0": 0.6666666666666666,
    "1": 0.3870967741935484,
    "2": 0.9194630872483222,
    "3": 0.5882352941176471
  },
  "per_class_recall": {
    "0": 0.6666666666666666,
    "1": 0.4,
    "2": 0.9194630872483222,
    "3": 0.5555555555555556
  }
}